"Código actividad","Actividad","Fase","Tipo","Responsable (rol)","Esfuerzo (horas)","Tarifa (S/./h)","Costo RRHH (S/.)","Material o servicio","Costo material (S/.)","Costo total (S/.)","Supuesto de estimación","Estado"
"1.1.1","Redactar el acta de constitución y objetivos medibles","Dirección y planificación","Actividad","Líder del Proyecto","24","30.00","720.00","","0.00","720.00","Analogía con la matriz anterior y complejidad de la actividad","Estimación académica aproximada — pendiente de aprobación"
"1.1.2","Aprobar y firmar el acta de constitución","Dirección y planificación","Hito","Líder del Proyecto","2","30.00","60.00","","0.00","60.00","Esfuerzo puntual del evento; el hito conserva duración 0","Estimación académica aproximada — pendiente de aprobación"
"1.1.3","Identificar interesados y responsables del proyecto","Dirección y planificación","Actividad","Líder del Proyecto","16","30.00","480.00","","0.00","480.00","Analogía con la matriz anterior y complejidad de la actividad","Estimación académica aproximada — pendiente de aprobación"
"1.1.4","Plan de alcance, cronograma, presupuesto y riesgos","Dirección y planificación","Actividad","Líder del Proyecto","32","30.00","960.00","","0.00","960.00","Analogía con la matriz anterior y complejidad de la actividad","Estimación académica aproximada — pendiente de aprobación"
"1.1.5","Informes de avance y comité de seguimiento semanal","Dirección y planificación","Recurrente","Líder del Proyecto","120","30.00","3600.00","","0.00","3600.00","0,5 jornada semanal × 30 semanas","Estimación académica aproximada — pendiente de aprobación"
"1.1.6","Registro de cambios, incidentes y decisiones","Dirección y planificación","Recurrente","Líder del Proyecto","60","30.00","1800.00","","0.00","1800.00","0,25 jornada semanal × 30 semanas","Estimación académica aproximada — pendiente de aprobación"
"1.1.7","Control de alcance, riesgos, costo y calidad","Dirección y planificación","Recurrente","Líder del Proyecto","60","30.00","1800.00","","0.00","1800.00","0,25 jornada semanal × 30 semanas","Estimación académica aproximada — pendiente de aprobación"
"1.2.1","Observación directa del flujo venta–stock–despacho","Diagnóstico AS-IS/TO-BE","Actividad","Analista de Sistemas","16","25.00","400.00","Pasajes visita de campo (2 personas)","30.00","430.00","Analogía con la matriz anterior y complejidad de la actividad","Estimación académica aproximada — pendiente de aprobación"
"1.2.2","Entrevistas a Gerencia, Ventas, Producción y Almacén","Diagnóstico AS-IS/TO-BE","Actividad","Analista de Sistemas","16","25.00","400.00","","0.00","400.00","Analogía con la matriz anterior y complejidad de la actividad","Estimación académica aproximada — pendiente de aprobación"
"1.2.3","Auditoría de infraestructura, conectividad y dispositivos","Diagnóstico AS-IS/TO-BE","Actividad","Analista de Infraestructura","16","27.00","432.00","Pasajes visita de campo (2 personas)","30.00","462.00","Analogía con la matriz anterior y complejidad de la actividad","Estimación académica aproximada — pendiente de aprobación"
"1.2.4","Gobernanza Inventario de fuentes Excel, catálogos y calidad de datos","Diagnóstico AS-IS/TO-BE","Actividad","Analista de Sistemas","24","25.00","600.00","","0.00","600.00","Analogía con la matriz anterior y complejidad de la actividad","Estimación académica aproximada — pendiente de aprobación"
"1.2.5","Documentar proceso AS-IS y validarlo con Gerencia","Diagnóstico AS-IS/TO-BE","Actividad","Analista de Sistemas","16","25.00","400.00","","0.00","400.00","Analogía con la matriz anterior y complejidad de la actividad","Estimación académica aproximada — pendiente de aprobación"
"1.2.6","Diseñar flujo TO-BE y criterios del piloto frente a Odoo","Diagnóstico AS-IS/TO-BE","Actividad","Analista de Sistemas","24","25.00","600.00","","0.00","600.00","Analogía con la matriz anterior y complejidad de la actividad","Estimación académica aproximada — pendiente de aprobación"
"1.2.7","Fichas de requisitos REQ-01 a REQ-10 y reglas de datos","Diagnóstico AS-IS/TO-BE","Actividad","Analista de Sistemas","32","25.00","800.00","","0.00","800.00","Analogía con la matriz anterior y complejidad de la actividad","Estimación académica aproximada — pendiente de aprobación"
"1.2.8","Validación y firma de requisitos por responsables","Diagnóstico AS-IS/TO-BE","Actividad","Líder del Proyecto","8","30.00","240.00","","0.00","240.00","Analogía con la matriz anterior y complejidad de la actividad","Estimación académica aproximada — pendiente de aprobación"
"1.2.9","Matriz de trazabilidad y prioridades de implementación","Diagnóstico AS-IS/TO-BE","Actividad","Analista de Sistemas","16","25.00","400.00","","0.00","400.00","Analogía con la matriz anterior y complejidad de la actividad","Estimación académica aproximada — pendiente de aprobación"
"1.3.1","Mapear zonas muertas de Wi-Fi del taller","Cimentar","Actividad","Analista de Infraestructura","8","27.00","216.00","Pasajes visita de campo (2 personas)","30.00","246.00","Analogía con la matriz anterior y complejidad de la actividad","Estimación académica aproximada — pendiente de aprobación"
"1.3.2","Evaluar y seleccionar solución de red","Cimentar","Actividad","Analista de Infraestructura","8","27.00","216.00","","0.00","216.00","Analogía con la matriz anterior y complejidad de la actividad","Estimación académica aproximada — pendiente de aprobación"
"1.3.3","Implementar solución de red seleccionada","Cimentar","Actividad","Analista de Infraestructura","16","27.00","432.00","Cable de red / repetidor Wi-Fi","120.00","552.00","Analogía con la matriz anterior y complejidad de la actividad","Estimación académica aproximada — pendiente de aprobación"
"1.3.4","Verificar conectividad y respaldo 4G/5G","Cimentar","Actividad","Analista de Infraestructura","8","27.00","216.00","","0.00","216.00","Analogía con la matriz anterior y complejidad de la actividad","Estimación académica aproximada — pendiente de aprobación"
"1.3.5","Gobernanza Constituir comité y nombrar Data Owners / Stewards","Cimentar","Actividad","Líder del Proyecto","8","30.00","240.00","","0.00","240.00","Analogía con la matriz anterior y complejidad de la actividad","Estimación académica aproximada — pendiente de aprobación"
"1.3.6","Gobernanza Definir inventario, clasificación y acceso a datos","Cimentar","Actividad","Analista de Sistemas","16","25.00","400.00","","0.00","400.00","Analogía con la matriz anterior y complejidad de la actividad","Estimación académica aproximada — pendiente de aprobación"
"1.3.7","Gobernanza Diccionario de datos y reglas de calidad por campo","Cimentar","Actividad","Analista de Calidad","24","25.00","600.00","","0.00","600.00","Analogía con la matriz anterior y complejidad de la actividad","Estimación académica aproximada — pendiente de aprobación"
"1.3.8","Diseñar modelo de datos del piloto y mapeo a Odoo","Cimentar","Actividad","Analista de Sistemas","24","25.00","600.00","","0.00","600.00","Analogía con la matriz anterior y complejidad de la actividad","Estimación académica aproximada — pendiente de aprobación"
"1.3.9","Validar compatibilidad del modelo con Odoo","Cimentar","Actividad","Analista de Sistemas","8","25.00","200.00","","0.00","200.00","Analogía con la matriz anterior y complejidad de la actividad","Estimación académica aproximada — pendiente de aprobación"
"1.3.10","Gobernanza Redactar SOP del flujo venta–stock–despacho","Cimentar","Actividad","Analista de Calidad","24","25.00","600.00","Impresión de SOP (2 juegos)","30.00","630.00","Analogía con la matriz anterior y complejidad de la actividad","Estimación académica aproximada — pendiente de aprobación"
"1.3.11","Gobernanza Revisar y aprobar SOP con Gerencia y Producción","Cimentar","Actividad","Líder del Proyecto","8","30.00","240.00","","0.00","240.00","Analogía con la matriz anterior y complejidad de la actividad","Estimación académica aproximada — pendiente de aprobación"
"1.3.12","Gobernanza Definir política de respaldo, retención y seguridad","Cimentar","Actividad","Analista de Sistemas","16","25.00","400.00","Impresión de política de respaldo","15.00","415.00","Analogía con la matriz anterior y complejidad de la actividad","Estimación académica aproximada — pendiente de aprobación"
"1.3.13","Gobernanza Aprobar política de respaldo y seguridad","Cimentar","Actividad","Líder del Proyecto","4","30.00","120.00","","0.00","120.00","Analogía con la matriz anterior y complejidad de la actividad","Estimación académica aproximada — pendiente de aprobación"
"1.3.14","Gobernanza Limpiar, deduplicar y estandarizar Excel históricos","Cimentar","Actividad","Analista de Sistemas","40","25.00","1000.00","","0.00","1000.00","Analogía con la matriz anterior y complejidad de la actividad","Estimación académica aproximada — pendiente de aprobación"
"1.3.15","Gobernanza Validar catálogo depurado con Data Owners","Cimentar","Actividad","Analista de Calidad","16","25.00","400.00","","0.00","400.00","Analogía con la matriz anterior y complejidad de la actividad","Estimación académica aproximada — pendiente de aprobación"
"1.3.16","Desplegar base central del piloto con respaldo","Cimentar","Actividad","Analista de Sistemas","24","25.00","600.00","","0.00","600.00","Analogía con la matriz anterior y complejidad de la actividad","Estimación académica aproximada — pendiente de aprobación"
"1.3.17","Gobernanza Configurar reglas de validación de captura del piloto","Cimentar","Actividad","Analista de Sistemas","16","25.00","400.00","","0.00","400.00","Analogía con la matriz anterior y complejidad de la actividad","Estimación académica aproximada — pendiente de aprobación"
"1.3.18","Configurar consulta de stock desde celular","Cimentar","Actividad","Analista de Sistemas","16","25.00","400.00","","0.00","400.00","Analogía con la matriz anterior y complejidad de la actividad","Estimación académica aproximada — pendiente de aprobación"
"1.3.19","Prueba cronometrada de consulta de stock","Cimentar","Actividad","Analista de Calidad","4","25.00","100.00","","0.00","100.00","Analogía con la matriz anterior y complejidad de la actividad","Estimación académica aproximada — pendiente de aprobación"
"1.3.20","Gobernanza Protocolo de coexistencia con Excel y corte a Odoo","Cimentar","Actividad","Líder del Proyecto","8","30.00","240.00","","0.00","240.00","Analogía con la matriz anterior y complejidad de la actividad","Estimación académica aproximada — pendiente de aprobación"
"1.3.21","Piloto de captura real limitada en base central","Cimentar","Actividad","Analista de Sistemas","24","25.00","600.00","","0.00","600.00","Analogía con la matriz anterior y complejidad de la actividad","Estimación académica aproximada — pendiente de aprobación"
"1.3.22","Gobernanza Verificar consistencia de registros del piloto","Cimentar","Actividad","Analista de Calidad","16","25.00","400.00","","0.00","400.00","Analogía con la matriz anterior y complejidad de la actividad","Estimación académica aproximada — pendiente de aprobación"
"1.3.23","Evaluar adopción y documentar incidencias del piloto","Cimentar","Actividad","Líder del Proyecto","8","30.00","240.00","","0.00","240.00","Analogía con la matriz anterior y complejidad de la actividad","Estimación académica aproximada — pendiente de aprobación"
"1.3.24","GATE 1 · Aprobación Cimentar","Cimentar","Hito","Líder del Proyecto","2","30.00","60.00","","0.00","60.00","Esfuerzo puntual del evento; el hito conserva duración 0","Estimación académica aproximada — pendiente de aprobación"
"1.4.1","Seleccionar y contratar servidor de despliegue","Integrar","Actividad","Analista de Infraestructura","8","27.00","216.00","VPS / hosting Odoo (5 meses)","200.00","416.00","Analogía con la matriz anterior y complejidad de la actividad","Estimación académica aproximada — pendiente de aprobación"
"1.4.2","Instalar SO y dependencias en servidor","Integrar","Actividad","Analista de Infraestructura","8","27.00","216.00","Dominio y SSL","60.00","276.00","Analogía con la matriz anterior y complejidad de la actividad","Estimación académica aproximada — pendiente de aprobación"
"1.4.3","Instalar y verificar Odoo Community","Integrar","Actividad","Analista de Infraestructura","16","27.00","432.00","","0.00","432.00","Analogía con la matriz anterior y complejidad de la actividad","Estimación académica aproximada — pendiente de aprobación"
"1.4.4","Configuración inicial de Odoo, compañía y almacenes","Integrar","Actividad","Analista de Infraestructura","8","27.00","216.00","","0.00","216.00","Analogía con la matriz anterior y complejidad de la actividad","Estimación académica aproximada — pendiente de aprobación"
"1.4.5","Gobernanza Crear usuarios y perfiles de acceso por rol","Integrar","Actividad","Analista de Sistemas","8","25.00","200.00","","0.00","200.00","Analogía con la matriz anterior y complejidad de la actividad","Estimación académica aproximada — pendiente de aprobación"
"1.4.6","Gobernanza Verificar restricciones y acceso cruzado","Integrar","Actividad","Analista de Calidad","8","25.00","200.00","","0.00","200.00","Analogía con la matriz anterior y complejidad de la actividad","Estimación académica aproximada — pendiente de aprobación"
"1.4.7","Solicitar y recibir catálogo completo de productos","Integrar","Actividad","Analista de Sistemas","8","25.00","200.00","","0.00","200.00","Analogía con la matriz anterior y complejidad de la actividad","Estimación académica aproximada — pendiente de aprobación"
"1.4.8","Gobernanza Conciliar catálogo nuevo con los datos limpios","Integrar","Actividad","Analista de Sistemas","24","25.00","600.00","","0.00","600.00","Analogía con la matriz anterior y complejidad de la actividad","Estimación académica aproximada — pendiente de aprobación"
"1.4.9","Cargar catálogo y variantes en entorno de pruebas","Integrar","Actividad","Analista de Sistemas","16","25.00","400.00","","0.00","400.00","Analogía con la matriz anterior y complejidad de la actividad","Estimación académica aproximada — pendiente de aprobación"
"1.4.10","Migrar registros del piloto a Odoo de pruebas","Integrar","Actividad","Analista de Sistemas","16","25.00","400.00","","0.00","400.00","Analogía con la matriz anterior y complejidad de la actividad","Estimación académica aproximada — pendiente de aprobación"
"1.4.11","Gobernanza Verificar integridad y conciliación posmigración","Integrar","Actividad","Analista de Calidad","16","25.00","400.00","","0.00","400.00","Analogía con la matriz anterior y complejidad de la actividad","Estimación académica aproximada — pendiente de aprobación"
"1.4.12","Configurar rebaja automática de stock","Integrar","Actividad","Analista de Sistemas","16","25.00","400.00","","0.00","400.00","Analogía con la matriz anterior y complejidad de la actividad","Estimación académica aproximada — pendiente de aprobación"
"1.4.13","Prueba interna de rebaja y casos de devolución","Integrar","Actividad","Analista de Calidad","8","25.00","200.00","","0.00","200.00","Analogía con la matriz anterior y complejidad de la actividad","Estimación académica aproximada — pendiente de aprobación"
"1.4.14","Configurar talleres principal y alterno","Integrar","Actividad","Analista de Sistemas","16","25.00","400.00","","0.00","400.00","Analogía con la matriz anterior y complejidad de la actividad","Estimación académica aproximada — pendiente de aprobación"
"1.4.15","Verificar consolidación de registros de talleres","Integrar","Actividad","Analista de Calidad","8","25.00","200.00","","0.00","200.00","Analogía con la matriz anterior y complejidad de la actividad","Estimación académica aproximada — pendiente de aprobación"
"1.4.16","Configurar formulario de ventas y validaciones","Integrar","Actividad","Analista de Sistemas","16","25.00","400.00","","0.00","400.00","Analogía con la matriz anterior y complejidad de la actividad","Estimación académica aproximada — pendiente de aprobación"
"1.4.17","Configurar flujo obligatorio Venta–Stock–Despacho","Integrar","Actividad","Analista de Sistemas","24","25.00","600.00","","0.00","600.00","Analogía con la matriz anterior y complejidad de la actividad","Estimación académica aproximada — pendiente de aprobación"
"1.4.18","Verificar bloqueo de despacho sin venta válida","Integrar","Actividad","Analista de Calidad","8","25.00","200.00","","0.00","200.00","Analogía con la matriz anterior y complejidad de la actividad","Estimación académica aproximada — pendiente de aprobación"
"1.4.19","Configurar vista de despacho para motorizado","Integrar","Actividad","Analista de Sistemas","8","25.00","200.00","","0.00","200.00","Analogía con la matriz anterior y complejidad de la actividad","Estimación académica aproximada — pendiente de aprobación"
"1.4.20","Redactar casos UAT CP-01 a CP-06 y pruebas de datos","Integrar","Actividad","Analista de Calidad","16","25.00","400.00","","0.00","400.00","Analogía con la matriz anterior y complejidad de la actividad","Estimación académica aproximada — pendiente de aprobación"
"1.4.21","Prueba técnica de conectividad y dispositivos","Integrar","Actividad","Analista de Infraestructura","8","27.00","216.00","","0.00","216.00","Analogía con la matriz anterior y complejidad de la actividad","Estimación académica aproximada — pendiente de aprobación"
"1.4.22","Preprueba con socio de Producción","Integrar","Actividad","Analista de Calidad","8","25.00","200.00","","0.00","200.00","Analogía con la matriz anterior y complejidad de la actividad","Estimación académica aproximada — pendiente de aprobación"
"1.4.23","UAT con personal de Ventas","Integrar","Actividad","Analista de Calidad","8","25.00","200.00","","0.00","200.00","Analogía con la matriz anterior y complejidad de la actividad","Estimación académica aproximada — pendiente de aprobación"
"1.4.24","UAT con socio de Producción y operarios","Integrar","Actividad","Analista de Calidad","8","25.00","200.00","","0.00","200.00","Analogía con la matriz anterior y complejidad de la actividad","Estimación académica aproximada — pendiente de aprobación"
"1.4.25","UAT con Gerencia Natalie","Integrar","Actividad","Líder del Proyecto","8","30.00","240.00","","0.00","240.00","Analogía con la matriz anterior y complejidad de la actividad","Estimación académica aproximada — pendiente de aprobación"
"1.4.26","Registrar, corregir y repetir pruebas críticas UAT","Integrar","Actividad","Analista de Calidad","24","25.00","600.00","","0.00","600.00","Analogía con la matriz anterior y complejidad de la actividad","Estimación académica aproximada — pendiente de aprobación"
"1.4.27","Gobernanza Conciliar lote final y plan de migración a producción","Integrar","Actividad","Analista de Sistemas","24","25.00","600.00","","0.00","600.00","Analogía con la matriz anterior y complejidad de la actividad","Estimación académica aproximada — pendiente de aprobación"
"1.4.28","Certificado de cero defectos críticos abiertos","Integrar","Hito","Analista de Calidad","4","25.00","100.00","","0.00","100.00","Esfuerzo puntual del evento; el hito conserva duración 0","Estimación académica aproximada — pendiente de aprobación"
"1.4.29","GATE 2 · Aprobación Integrar","Integrar","Hito","Líder del Proyecto","2","30.00","60.00","","0.00","60.00","Esfuerzo puntual del evento; el hito conserva duración 0","Estimación académica aproximada — pendiente de aprobación"
"1.5.1","Configurar panel de rentabilidad y KPIs operativos","Optimizar y cerrar","Actividad","Analista de Sistemas","24","25.00","600.00","","0.00","600.00","Analogía con la matriz anterior y complejidad de la actividad","Estimación académica aproximada — pendiente de aprobación"
"1.5.2","Configurar reporte automatizado de ganancia neta","Optimizar y cerrar","Actividad","Analista de Sistemas","16","25.00","400.00","","0.00","400.00","Analogía con la matriz anterior y complejidad de la actividad","Estimación académica aproximada — pendiente de aprobación"
"1.5.3","Gobernanza Panel de calidad de datos y alertas de excepción","Optimizar y cerrar","Actividad","Analista de Sistemas","24","25.00","600.00","","0.00","600.00","Analogía con la matriz anterior y complejidad de la actividad","Estimación académica aproximada — pendiente de aprobación"
"1.5.4","Gobernanza Verificar restricción de reportes por rol","Optimizar y cerrar","Actividad","Analista de Calidad","4","25.00","100.00","","0.00","100.00","Analogía con la matriz anterior y complejidad de la actividad","Estimación académica aproximada — pendiente de aprobación"
"1.5.5","Manuales de usuario de Odoo por rol","Optimizar y cerrar","Actividad","Analista de Sistemas","24","25.00","600.00","Manuales impresos (3 juegos)","45.00","645.00","Analogía con la matriz anterior y complejidad de la actividad","Estimación académica aproximada — pendiente de aprobación"
"1.5.6","Guía de auto recuperación y contingencia","Optimizar y cerrar","Actividad","Analista de Sistemas","16","25.00","400.00","","0.00","400.00","Analogía con la matriz anterior y complejidad de la actividad","Estimación académica aproximada — pendiente de aprobación"
"1.5.7","Capacitación a personal de Ventas y datos","Optimizar y cerrar","Actividad","Líder del Proyecto","8","30.00","240.00","Materiales de capacitación Ventas","40.00","280.00","Analogía con la matriz anterior y complejidad de la actividad","Estimación académica aproximada — pendiente de aprobación"
"1.5.8","Capacitación a Producción y operarios","Optimizar y cerrar","Actividad","Líder del Proyecto","8","30.00","240.00","Materiales de capacitación Producción","30.00","270.00","Analogía con la matriz anterior y complejidad de la actividad","Estimación académica aproximada — pendiente de aprobación"
"1.5.9","Capacitación a Gerencia Natalie","Optimizar y cerrar","Actividad","Líder del Proyecto","4","30.00","120.00","Materiales de capacitación Gerencia","25.00","145.00","Analogía con la matriz anterior y complejidad de la actividad","Estimación académica aproximada — pendiente de aprobación"
"1.5.10","Ensayo de corte y respaldo de producción","Optimizar y cerrar","Actividad","Analista de Infraestructura","8","27.00","216.00","","0.00","216.00","Analogía con la matriz anterior y complejidad de la actividad","Estimación académica aproximada — pendiente de aprobación"
"1.5.11","Gobernanza Migración final conciliada y aprobación de saldos","Optimizar y cerrar","Actividad","Analista de Sistemas","16","25.00","400.00","","0.00","400.00","Analogía con la matriz anterior y complejidad de la actividad","Estimación académica aproximada — pendiente de aprobación"
"1.5.12","Despliegue final y salida en vivo Odoo","Optimizar y cerrar","Hito","Analista de Infraestructura","8","27.00","216.00","Pasajes para despliegue (2 personas)","30.00","246.00","Esfuerzo puntual del evento; el hito conserva duración 0","Estimación académica aproximada — pendiente de aprobación"
"1.5.13","Gobernanza Retirar captura de piloto y fijar Odoo como fuente oficial","Optimizar y cerrar","Actividad","Analista de Sistemas","8","25.00","200.00","","0.00","200.00","Analogía con la matriz anterior y complejidad de la actividad","Estimación académica aproximada — pendiente de aprobación"
"1.5.14","Monitoreo de operaciones reales y soporte intensivo","Optimizar y cerrar","Recurrente","Líder del Proyecto","40","30.00","1200.00","","0.00","1200.00","1 semana de soporte intensivo","Estimación académica aproximada — pendiente de aprobación"
"1.5.15","Gobernanza Auditoría de calidad de datos por Data Stewards","Optimizar y cerrar","Actividad","Analista de Calidad","24","25.00","600.00","","0.00","600.00","Analogía con la matriz anterior y complejidad de la actividad","Estimación académica aproximada — pendiente de aprobación"
"1.5.16","Verificar reportes gerenciales en uso real","Optimizar y cerrar","Actividad","Líder del Proyecto","8","30.00","240.00","","0.00","240.00","Analogía con la matriz anterior y complejidad de la actividad","Estimación académica aproximada — pendiente de aprobación"
"1.5.17","Verificar criterios de aceptación y KPIs","Optimizar y cerrar","Actividad","Líder del Proyecto","8","30.00","240.00","","0.00","240.00","Analogía con la matriz anterior y complejidad de la actividad","Estimación académica aproximada — pendiente de aprobación"
"1.5.18","Gobernanza Transferir SOP, diccionario y control a Comité de Datos","Optimizar y cerrar","Actividad","Líder del Proyecto","16","30.00","480.00","","0.00","480.00","Analogía con la matriz anterior y complejidad de la actividad","Estimación académica aproximada — pendiente de aprobación"
"1.5.19","Lecciones aprendidas de TI y adopción","Optimizar y cerrar","Actividad","Líder del Proyecto","8","30.00","240.00","","0.00","240.00","Analogía con la matriz anterior y complejidad de la actividad","Estimación académica aproximada — pendiente de aprobación"
"1.5.20","Informe final y expediente de aceptación","Optimizar y cerrar","Actividad","Líder del Proyecto","16","30.00","480.00","","0.00","480.00","Analogía con la matriz anterior y complejidad de la actividad","Estimación académica aproximada — pendiente de aprobación"
"1.5.21","GATE 3 · Acta de conformidad y cierre","Optimizar y cerrar","Hito","Líder del Proyecto","2","30.00","60.00","","0.00","60.00","Esfuerzo puntual del evento; el hito conserva duración 0","Estimación académica aproximada — pendiente de aprobación"
"1.5.22","Entrega final documental y transferencia de soporte","Optimizar y cerrar","Actividad","Líder del Proyecto","8","30.00","240.00","","0.00","240.00","Analogía con la matriz anterior y complejidad de la actividad","Estimación académica aproximada — pendiente de aprobación"
"1.5.23","Archivo administrativo y fin del proyecto","Optimizar y cerrar","Hito","Líder del Proyecto","2","30.00","60.00","","0.00","60.00","Esfuerzo puntual del evento; el hito conserva duración 0","Estimación académica aproximada — pendiente de aprobación"
